{
    "hechizos": [
        {
            "id": 1,
            "hechizo": "Accio",
            "uso": "Encanto de invocación"
        },
        {
            "id": 2,
            "hechizo": "Glisseo",
            "uso": "Convierte una escalera en un tobogán"
        },
        {
            "id": 3,
            "hechizo": "Impervius",
            "uso": "Protege al lanzador de una variedad de sustancias, incluidos el agua y el fuego."
        },
        {
            "id": 4,
            "hechizo": "Wingardium Leviosa/Locomotor",
            "uso": "Levita objetos"
        },
        {
            "id": 5,
            "hechizo": "Scourgify",
            "uso": "Limpia cosas"
        },
        {
            "id": 6,
            "hechizo": "Portus",
            "uso": "Crea un traslador"
        },
        {
            "id": 7,
            "hechizo": "Orchideous",
            "uso": "Crece flores desde el final de la varita"
        },
        {
            "id": 8,
            "hechizo": "Lumos",
            "uso": "Hace que la varita emita luz"
        },
        {
            "id": 9,
            "hechizo": "Reparo",
            "uso": "Repara objetos rotos"
        },
        {
            "id": 10,
            "hechizo": "Reducio",
            "uso": "Contrae objetos"
        },
        {
            "id": 11,
            "hechizo": "Pack",
            "uso": "Empaca baúles y equipaje"
        },
        {
            "id": 12,
            "hechizo": "Riddikulus",
            "uso": "Transforma los Boggarts en una forma divertida"
        },
        {
            "id": 13,
            "hechizo": "Protego",
            "uso": "Protege al lanzador de las maldiciones"
        },
        {
            "id": 14,
            "hechizo": "Muffliato",
            "uso": "Evita que otras personas cercanas escuchen conversaciones"
        },
        {
            "id": 15,
            "hechizo": "Silencio/Langlock",
            "uso": "Evita que alguien hable (pegando la lengua al paladar)"
        },
        {
            "id": 16,
            "hechizo": "Expelliarmus",
            "uso": "Encanto de desarme"
        },
        {
            "id": 17,
            "hechizo": "Oblivate",
            "uso": "Borra recuerdos"
        },
        {
            "id": 18,
            "hechizo": "Episkey",
            "uso": "Cura heridas leves"
        },
        {
            "id": 19,
            "hechizo": "Tergeo",
            "uso": "Limpia superficies"
        },
        {
            "id": 20,
            "hechizo": "Relashio",
            "uso": "Obliga al objetivo a soltar lo que sea que esté sosteniendo"
        },
        {
            "id": 21,
            "hechizo": "Confundo",
            "uso": "Causa confusiones y hace que otros sean fácilmente susceptibles a la influencia."
        },
        {
            "id": 22,
            "hechizo": "Expecto Patronum",
            "uso": "Encanto Patronus"
        },
        {
            "id": 23,
            "hechizo": "Ferula",
            "uso": "Conjura vendajes"
        },
        {
            "id": 24,
            "hechizo": "Evanesco",
            "uso": "Hechizo de desaparición"
        },
        {
            "id": 25,
            "hechizo": "Alohomora",
            "uso": "Abre cerraduras"
        },
        {
            "id": 26,
            "hechizo": "Nox",
            "uso": "Apaga lumos"
        },
        {
            "id": 27,
            "hechizo": "Quietus",
            "uso": "Silencia la voz mágicamente amplificada"
        },
        {
            "id": 28,
            "hechizo": "Incendio",
            "uso": "Crea fuego"
        },
        {
            "id": 29,
            "hechizo": "Homenum Revelio",
            "uso": "Revelar personas cercanas"
        },
        {
            "id": 30,
            "hechizo": "Prior Incantato",
            "uso": "Revela el último hechizo lanzado"
        },
        {
            "id": 31,
            "hechizo": "Finite Incantatem",
            "uso": "Niega los efectos de muchos hechizos."
        },
        {
            "id": 32,
            "hechizo": "Erecto",
            "uso": "Levanta carpas u otras estructuras."
        },
        {
            "id": 33,
            "hechizo": "Diffindo",
            "uso": "Corta o rasga material"
        },
        {
            "id": 34,
            "hechizo": "Stupefy",
            "uso": "Aturde al objetivo"
        },
        {
            "id": 35,
            "hechizo": "Repelo Muggletum",
            "uso": "Repele Muggles"
        },
        {
            "id": 36,
            "hechizo": "Avada Kedavra",
            "uso": "La maldición asesina"
        },
        {
            "id": 37,
            "hechizo": "Aguamenti",
            "uso": "Dispara agua con la varita"
        },
        {
            "id": 38,
            "hechizo": "Geminio",
            "uso": "Crea un duplicado temporal y sin valor de cualquier objeto"
        },
        {
            "id": 39,
            "hechizo": "Locomotor Mortis",
            "uso": "Maldición de bloqueo de piernas"
        },
        {
            "id": 40,
            "hechizo": "Anapneo",
            "uso": "Limpia las vías respiratorias de alguien"
        },
        {
            "id": 41,
            "hechizo": "Reducto",
            "uso": "Explota objeto"
        },
        {
            "id": 42,
            "hechizo": "Obscuro",
            "uso": "Objetivo con los ojos vendados"
        },
        {
            "id": 43,
            "hechizo": "Impedimenta",
            "uso": "Congela a alguien que avanza hacia ti"
        },
        {
            "id": 44,
            "hechizo": "Cave Inimicum/Protego Totalum",
            "uso": "Fortalece las defensas de un área"
        },
        {
            "id": 45,
            "hechizo": "Meteolojinx Recanto",
            "uso": "Acaba con los efectos de los hechizos meteorológicos"
        },
        {
            "id": 46,
            "hechizo": "Specialis Revelio",
            "uso": "Revela propiedades mágicas ocultas en un objeto."
        },
        {
            "id": 47,
            "hechizo": "Descendo",
            "uso": "Mueve objetos hacia abajo"
        },
        {
            "id": 48,
            "hechizo": "Defodio",
            "uso": "Talla a través de la piedra y el acero"
        },
        {
            "id": 49,
            "hechizo": "Aparecium",
            "uso": "Hacer aparecer tinta invisible"
        },
        {
            "id": 50,
            "hechizo": "Piertotum Locomotor",
            "uso": "Anima estatuas"
        },
        {
            "id": 51,
            "hechizo": "Imperio",
            "uso": "Hace que el objetivo obedezca cada orden"
        },
        {
            "id": 52,
            "hechizo": "Fidelius Charm",
            "uso": "Une un secreto al alma de un Guardián de Secretos"
        },
        {
            "id": 53,
            "hechizo": "Avis/Oppugno",
            "uso": "Dispara bandada de pájaros con varita"
        },
        {
            "id": 54,
            "hechizo": "Expulso",
            "uso": "Explota objetos"
        },
        {
            "id": 55,
            "hechizo": "Legilimens",
            "uso": "Revela recuerdos y pensamientos del objetivo."
        },
        {
            "id": 56,
            "hechizo": "Duro",
            "uso": "Endurece los objetos"
        },
        {
            "id": 57,
            "hechizo": "Sonorus",
            "uso": "Amplifica la voz de uno"
        },
        {
            "id": 58,
            "hechizo": "Deprimo",
            "uso": "Crea una gran presión hacia abajo"
        },
        {
            "id": 59,
            "hechizo": "Levicorpus",
            "uso": "Levita el objetivo por el tobillo"
        },
        {
            "id": 60,
            "hechizo": "Liberacorpus",
            "uso": "Reduce el objetivo de levicorpus"
        },
        {
            "id": 61,
            "hechizo": "Mobilicorpus",
            "uso": "Mueve cuerpos"
        },
        {
            "id": 62,
            "hechizo": "Confringo",
            "uso": "Explota objetos en llamas"
        },
        {
            "id": 63,
            "hechizo": "Densaugeo",
            "uso": "Hace que los dientes crezcan rápidamente"
        },
        {
            "id": 64,
            "hechizo": "Incarcarous",
            "uso": "Ata a alguien con cuerdas"
        },
        {
            "id": 65,
            "hechizo": "Deletrius",
            "uso": "Descarta los efectos de Prior Incantato"
        },
        {
            "id": 66,
            "hechizo": "Rictusempra",
            "uso": "Encanto de cosquillas"
        },
        {
            "id": 67,
            "hechizo": "Petrificus Totalus",
            "uso": "El objetivo de renderizado está completamente inmóvil"
        },
        {
            "id": 68,
            "hechizo": "Fiendfyre Curse",
            "uso": "Hace fuego maldito"
        },
        {
            "id": 69,
            "hechizo": "Tarantallegra",
            "uso": "Obliga al objetivo a bailar"
        },
        {
            "id": 70,
            "hechizo": "Morsmordre",
            "uso": "Conjura la Marca Tenebrosa"
        },
        {
            "id": 71,
            "hechizo": "Sectumsempra",
            "uso": "Provoca laceraciones graves"
        },
        {
            "id": 72,
            "hechizo": "Crucio",
            "uso": "Causa un dolor inmenso"
        }
    ],
    "info": [{
            "id": 1,
            "tipo": "Autora",
            "contenido": "J. K. Rowling"
        },
        {
            "id": 2,
            "tipo": "Protagonísta",
            "contenido": "Harry Potter"
        },
        {
            "id": 3,
            "tipo": "Antagonísta",
            "contenido": "Lord Voldemort"
        },
        {
            "id": 4,
            "tipo": "Varita mágica de Harry Potter",
            "contenido": "La varita de Harry Potter tenía 11 de largo, estaba hecha de acebo y poseía un núcleo de plumas de fénix. Esto fue descrito por Garrick Ollivander como una combinación inusual de núcleo de varita y madera. La pluma fue donada por Fawkes, el fénix de Albus Dumbledore."
        },
        {
            "id": 5,
            "tipo": "Varita mágica de Lord Voldemort",
            "contenido": "La varita de Lord Voldemort tenía 11 de largo, estaba hecha de acebo y poseía un núcleo de plumas de fénix. Esto fue descrito por Garrick Ollivander como una combinación inusual de núcleo de varita y madera. La pluma fue donada por Fawkes, el fénix de Albus Dumbledore."
        },
        {
            "id": 6,
            "tipo": "Nombre real de Lord Voldemort",
            "contenido": "Su nombre real es Tom Marvolo Riddle (mezclando las letras se forma Lord Voldemort)"
        },
        {
            "id": 7,
            "tipo": "Casas",
            "contenido": "En la escuela Hogwarts hay cuatro casas: Gryffindor, Ravenclaw, Hufflepuff y Slytherin."
        },
        {
            "id": 8,
            "tipo": "Varitas",
            "contenido": "La varita de Harry y la varita de Voldemort eran gemelas, por eso ellos no podían matarse entre sí."
        }
    ],
    "personajes": [
        {
            "id": 1,
            "personaje": "Harry James Potter",
            "apodo": "Harry",
            "estudianteDeHogwarts": true,
            "casaDeHogwarts": "Gryffindor",
            "interpretado_por": "Daniel Radcliffe",
            "hijos": [
                "James Sirius Potter",
                "Albus Severus Potter",
                "Lily Luna Potter"
            ],
            "imagen": "https://raw.githubusercontent.com/fedeperin/harry-potter-api/main/imagenes/harry_potter.png"
        },
        {
            "id": 2,
            "personaje": "Hermione Jean Granger",
            "apodo": "Hermione",
            "estudianteDeHogwarts": true,
            "casaDeHogwarts": "Gryffindor",
            "interpretado_por": "Emma Watson",
            "hijos": [
                "Rose Granger-Weasley",
                "Hugo Granger-Weasley"
            ],
            "imagen": "https://raw.githubusercontent.com/fedeperin/harry-potter-api/main/imagenes/hermione_granger.png"
        },
        {
            "id": 3,
            "personaje": "Ron Weasley",
            "apodo": "Ron",
            "estudianteDeHogwarts": true,
            "casaDeHogwarts": "Gryffindor",
            "interpretado_por": "Rupert Grint",
            "hijos": [
                "Rose Granger-Weasley",
                "Hugo Granger-Weasley"
            ],
            "imagen": "https://raw.githubusercontent.com/fedeperin/harry-potter-api/main/imagenes/ron_weasley.png"
        },
        {
            "id": 4,
            "personaje": "Fred Weasley",
            "apodo": "Fred",
            "estudianteDeHogwarts": true,
            "casaDeHogwarts": "Gryffindor",
            "interpretado_por": "James Phelps",
            "hijos": [],
            "imagen": "https://raw.githubusercontent.com/fedeperin/harry-potter-api/main/imagenes/fred_weasley.png"
        },
        {
            "id": 5,
            "personaje": "George Weasley",
            "apodo": "George",
            "estudianteDeHogwarts": true,
            "casaDeHogwarts": "Gryffindor",
            "interpretado_por": "Oliver Phelps",
            "hijos": [],
            "imagen": "https://raw.githubusercontent.com/fedeperin/harry-potter-api/main/imagenes/george_weasley.png"
        },
        {
            "id": 6,
            "personaje": "Bill Weasley",
            "apodo": "Bill",
            "estudianteDeHogwarts": true,
            "casaDeHogwarts": "Gryffindor",
            "interpretado_por": "Domhnall Gleeson",
            "hijos": [],
            "imagen": "https://raw.githubusercontent.com/fedeperin/harry-potter-api/main/imagenes/bill_weasley.png"
        },
        {
            "id": 7,
            "personaje": "Percy Weasley",
            "apodo": "Percy",
            "estudianteDeHogwarts": true,
            "casaDeHogwarts": "Gryffindor",
            "interpretado_por": "Chris Rankin",
            "hijos": [],
            "imagen": "https://raw.githubusercontent.com/fedeperin/harry-potter-api/main/imagenes/percy_weasley.png"
        },
        {
            "id": 8,
            "personaje": "Charlie Weasley",
            "apodo": "Charlie",
            "estudianteDeHogwarts": true,
            "casaDeHogwarts": "Gryffindor",
            "interpretado_por": "ninguno",
            "hijos": [],
            "imagen": "https://raw.githubusercontent.com/fedeperin/harry-potter-api/main/imagenes/charlie_weasley.png"
        },
        {
            "id": 9,
            "personaje": "Ginny Weasley",
            "apodo": "Ginny",
            "estudianteDeHogwarts": true,
            "casaDeHogwarts": "Gryffindor",
            "interpretado_por": "Bonnie Right",
            "hijos": [
                "James Sirius Potter",
                "Albus Severus Potter",
                "Lily Luna Potter"
            ],
            "imagen": "https://raw.githubusercontent.com/fedeperin/harry-potter-api/main/imagenes/ginny_weasley.png"
        },
        {
            "id": 10,
            "personaje": "Molly Weasley",
            "apodo": "Molly",
            "estudianteDeHogwarts": true,
            "casaDeHogwarts": "Gryffindor",
            "interpretado_por": "Julie Walters",
            "hijos": [
                "Ron Weasley",
                "Fred Weasley",
                "George Weasley",
                "Bill Weasley",
                "Percy Weasley",
                "Charlie Weasley",
                "Ginny Weasley"
            ],
            "imagen": "https://raw.githubusercontent.com/fedeperin/harry-potter-api/main/imagenes/molly_weasley.png"
        },
        {
            "id": 11,
            "personaje": "Arthur Weasley",
            "apodo": "Arthur",
            "estudianteDeHogwarts": true,
            "casaDeHogwarts": "Gryffindor",
            "interpretado_por": "Mark Williams",
            "hijos": [
                "Ron Weasley",
                "Fred Weasley",
                "George Weasley",
                "Bill Weasley",
                "Percy Weasley",
                "Charlie Weasley",
                "Ginny Weasley"
            ],
            "imagen": "https://raw.githubusercontent.com/fedeperin/harry-potter-api/main/imagenes/arthur_weasley.png"
        },
        {
            "id": 12,
            "personaje": "Neville Longbottom",
            "apodo": "Neville",
            "estudianteDeHogwarts": true,
            "casaDeHogwarts": "Gryffindor",
            "interpretado_por": "Matthew Lewis",
            "hijos": [],
            "imagen": "https://raw.githubusercontent.com/fedeperin/harry-potter-api/main/imagenes/neville_longbottom.png"
        },
        {
            "id": 13,
            "personaje": "Luna Lovegood",
            "apodo": "Luna",
            "estudianteDeHogwarts": true,
            "casaDeHogwarts": "Ravenclaw",
            "interpretado_por": "Evanna Lynch",
            "hijos": [],
            "imagen": "https://raw.githubusercontent.com/fedeperin/harry-potter-api/main/imagenes/luna_lovegood.png"
        },
        {
            "id": 14,
            "personaje": "Draco Malfoy",
            "apodo": "Draco",
            "estudianteDeHogwarts": true,
            "casaDeHogwarts": "Slytherin",
            "interpretado_por": "Tom Felton",
            "hijos": [
                "Scorpius Malfoy"
            ],
            "imagen": "https://raw.githubusercontent.com/fedeperin/harry-potter-api/main/imagenes/draco_malfoy.png"
        },
        {
            "id": 15,
            "personaje": "Albus Percival Wulfric Brian Dumbledore",
            "apodo": "Dumbledore",
            "estudianteDeHogwarts": true,
            "casaDeHogwarts": "Gryffindor",
            "interpretado_por": "Richard Harris",
            "hijos": [],
            "imagen": "https://raw.githubusercontent.com/fedeperin/harry-potter-api/main/imagenes/albus_dumbledore.png"
        },
        {
            "id": 16,
            "personaje": "Minerva McGonagall",
            "apodo": "Minerva",
            "estudianteDeHogwarts": true,
            "casaDeHogwarts": "Gryffindor",
            "interpretado_por": "Maggie Smith",
            "hijos": [],
            "imagen": "https://raw.githubusercontent.com/fedeperin/harry-potter-api/main/imagenes/minerva_mcgonnagall.png"
        },
        {
            "id": 17,
            "personaje": "Remus Lupin",
            "apodo": "Lupin",
            "estudianteDeHogwarts": true,
            "casaDeHogwarts": "Gryffindor",
            "interpretado_por": "David Thewils",
            "hijos": [
                "Ted Lupin"
            ],
            "imagen": "https://raw.githubusercontent.com/fedeperin/harry-potter-api/main/imagenes/remus_lupin.png"
        },
        {
            "id": 18,
            "personaje": "Rubeus Hagrid",
            "apodo": "Hagrid",
            "estudianteDeHogwarts": true,
            "casaDeHogwarts": "Gryffindor",
            "interpretado_por": "Robbie Coltrane",
            "hijos": [],
            "imagen": "https://raw.githubusercontent.com/fedeperin/harry-potter-api/main/imagenes/rubeus_hagrid.png"
        },
        {
            "id": 19,
            "personaje": "Sirius Black",
            "apodo": "Sirius",
            "estudianteDeHogwarts": true,
            "casaDeHogwarts": "Gryffindor",
            "interpretado_por": "Gary Oldman",
            "hijos": [],
            "imagen": "https://raw.githubusercontent.com/fedeperin/harry-potter-api/main/imagenes/sirius_black.png"
        },
        {
            "id": 20,
            "personaje": "Severus Snape",
            "apodo": "Snape",
            "estudianteDeHogwarts": true,
            "casaDeHogwarts": "Slytherin",
            "interpretado_por": "Alan Rickman",
            "hijos": [],
            "imagen": "https://raw.githubusercontent.com/fedeperin/harry-potter-api/main/imagenes/severus_snape.png"
        },
        {
            "id": 21,
            "personaje": "Bellatrix Lestrange",
            "apodo": "Bella",
            "estudianteDeHogwarts": true,
            "casaDeHogwarts": "Slytherin",
            "interpretado_por": "Helena Bonham Carter",
            "hijos": [
                "Delphi"
            ],
            "imagen": "https://raw.githubusercontent.com/fedeperin/harry-potter-api/main/imagenes/bellatrix_lestrange.png"
        },
        {
            "id": 22,
            "personaje": "Lord Voldemort",
            "apodo": "Voldemort",
            "estudianteDeHogwarts": true,
            "casaDeHogwarts": "Slytherin",
            "interpretado_por": "Ralph Fiennes",
            "hijos": [
                "Delphi"
            ],
            "imagen": "https://raw.githubusercontent.com/fedeperin/harry-potter-api/main/imagenes/lord_voldemort.png"
        },
        {
            "id": 23,
            "personaje": "Argus Filch",
            "apodo": "Filch",
            "estudianteDeHogwarts": false,
            "casaDeHogwarts": "ninguna",
            "interpretado_por": "David Bradley",
            "hijos": [],
            "imagen": "https://raw.githubusercontent.com/fedeperin/harry-potter-api/main/imagenes/argus_filch.png"
        }
    ],
    "libros": [
        {
            "id": 1,
            "libro": "Harry Potter y la piedra filosofal",
            "titulo_original": "Harry Potter and the Sorcerer's Stone",
            "fecha_de_lanzamiento": "26 de junio de 1997",
            "autora": "J. K. Rowling",
            "descripcion": "El día de su cumpleaños, Harry Potter descubre que es hijo de dos conocidos hechiceros, de los que ha heredado poderes mágicos. Debe asistir a una famosa escuela de magia y hechicería, donde entabla una amistad con dos jóvenes que se convertirán en sus compañeros de aventura. Durante su primer año en Hogwarts, descubre que un malévolo y poderoso mago llamado Voldemort está en busca de una piedra filosofal que alarga la vida de quien la posee."
        },
        {
            "id": 2,
            "libro": "Harry Potter y la cámara secreta",
            "titulo_original": "Harry Potter and the chamber of secrets",
            "fecha_de_lanzamiento": "2 de julio de 1998",
            "autora": "J. K. Rowling",
            "descripcion": "Harry Potter y los estudiantes de segundo año investigan una malévola amenaza para sus compañeros de clases de Hogwarts, una amenazante bestia que se esconde dentro del castillo."
        },
        {
            "id": 3,
            "libro": "Harry Potter y el prisionero de Azkaban",
            "titulo_original": "Harry Potter and the Prisoner of Azkaban",
            "fecha_de_lanzamiento": "8 de julio de 1999",
            "autora": "J. K. Rowling",
            "descripcion": "El tercer año de estudios de Harry en Hogwarts se ve amenazado por la fuga de Sirius Black de la prisión de Azkaban. Al parecer, se trata de un peligroso mago que fue cómplice de Lord Voldemort y que intentará vengarse de Harry Potter."
        },
        {
            "id": 4,
            "libro": "Harry Potter y el cáliz de fuego",
            "titulo_original": "Harry Potter and the Goblet of Fire",
            "fecha_de_lanzamiento": "8 de julio de 2000",
            "autora": "J. K. Rowling",
            "descripcion": "Hogwarts se prepara para el Torneo de los Tres Magos, en el que competirán tres escuelas de hechicería. Para sorpresa de todos, Harry Potter es elegido para participar en la competencia, en la que deberá luchar contra dragones, internarse en el agua y enfrentarse a sus mayores miedos."
        },
        {
            "id": 5,
            "libro": "Harry Potter y la orden del Fénix",
            "titulo_original": "Harry Potter and the Order of the Phoenix",
            "fecha_de_lanzamiento": "21 de junio de 2003",
            "autora": "J. K. Rowling",
            "descripcion": "En su quinto año en Hogwarts, Harry descubre que muchos integrantes de la comunidad de magos no conocen la verdad acerca de su encuentro con Lord Voldemort. Cornelius Fudge, ministro de magia, designa a Dolores Umbridge como maestra de defensa contra de las artes oscuras porque cree que el profesor Dumbledore planea apoderarse de su trabajo. Pero sus enseñanzas son inadecuadas, por lo que Harry prepara a los estudiantes para defender la escuela en contra del mal."
        },
        {
            "id": 6,
            "libro": "Harry Potter y el misterio del príncipe",
            "titulo_original": "Harry Potter and the Half-Blood Prince",
            "fecha_de_lanzamiento": "16 de julio de 2005",
            "autora": "J. K. Rowling",
            "descripcion": "Harry descubre un poderoso libro y, mientras trata de descubrir sus orígenes, colabora con Dumbledore en la búsqueda de una serie de objetos mágicos que ayudarán en la destrucción de Lord Voldemort."
        },
        {
            "id": 7,
            "libro": "Harry Potter y las reliquias de la muerte",
            "titulo_original": "Harry Potter and the Deathly Hallows",
            "fecha_de_lanzamiento": "21 de julio de 2007",
            "autora": "J. K. Rowling",
            "descripcion": "Harry, Ron y Hermione se van a una peligrosa misión para localizar y destruir el secreto de la inmortalidad y destrucción de Voldemort - los Horrocruces. Solos, sin la guía de sus profesores o la protección del Profesor Dumbledore, los tres amigos deben apoyarse el uno en el otro más que nunca. Pero hay Fuerzas Oscuras en medio que amenazan con separarlos. Harry Potter se está acercando cada vez más a la tarea para la que se ha preparado desde el primer día que pisó Hogwarts: la última batalla con Voldemort."
        },
        {
            "id": 8,
            "libro": "Harry Potter y el legado maldito",
            "titulo_original": "Harry Potter and the Cursed Child",
            "fecha_de_lanzamiento": "30 de julio de 2016",
            "autora": "J. K. Rowling",
            "descripcion": "El segundo hijo de Harry entró a Hogwarts, pero en Slytherin. Su relación con Harry cada vez es peor y se hizo muy amigo del hijo de Draco, Scorpius Malfoy que se dice que es el hijo de Lord Voldemort"
        }
    ]
}